avhengig_var,kjønn,utdanning,alder,inntekt
22,mann,grunnskole,52,547
34,kvinne,grunnskole,59,728
23,kvinne,videregående,53,1768
12,kvinne,grunnskole,43,547
35,mann,høyere,74,433
23,mann,høyere,19,339
16,kvinne,høyere,50,1178
43,kvinne,videregående,54,1130
31,mann,grunnskole,79,386
26,kvinne,grunnskole,42,876
1,kvinne,høyere,52,406
32,kvinne,videregående,68,389
64,mann,høyere,54,1139
31,mann,grunnskole,58,377
24,kvinne,videregående,46,661
36,kvinne,høyere,63,388
54,kvinne,videregående,47,285
15,mann,grunnskole,36,398
31,kvinne,videregående,63,253
25,mann,grunnskole,58,388
15,kvinne,høyere,49,579
19,kvinne,videregående,40,391
23,mann,høyere,38,612
28,kvinne,videregående,45,1170
15,kvinne,grunnskole,36,572
7,mann,høyere,40,321
28,kvinne,grunnskole,48,1093
47,mann,grunnskole,61,1131
37,mann,grunnskole,53,293
63,mann,høyere,37,236
35,kvinne,høyere,26,986
15,kvinne,videregående,47,599
47,kvinne,høyere,25,641
51,mann,høyere,61,496
37,mann,videregående,57,180
86,mann,videregående,48,1952
43,kvinne,videregående,61,122
32,kvinne,videregående,55,394
16,kvinne,høyere,21,511
31,kvinne,videregående,55,386
36,mann,høyere,62,839
38,kvinne,videregående,42,255
38,mann,videregående,48,478
24,kvinne,grunnskole,32,955
38,mann,videregående,29,480
32,kvinne,videregående,62,1269
46,kvinne,videregående,23,758
18,kvinne,grunnskole,40,485
41,mann,videregående,30,298
47,kvinne,høyere,48,951
2,mann,grunnskole,28,546
27,kvinne,videregående,58,831
55,mann,videregående,65,408
18,kvinne,høyere,48,627
21,kvinne,grunnskole,58,678
15,kvinne,videregående,57,367
15,mann,høyere,33,978
39,mann,høyere,61,900
24,kvinne,høyere,60,296
37,kvinne,grunnskole,67,1006
64,mann,grunnskole,41,1052
29,kvinne,høyere,48,469
21,mann,høyere,35,658
31,kvinne,høyere,77,523
40,mann,videregående,55,618
24,kvinne,grunnskole,55,1092
49,kvinne,høyere,44,688
56,mann,grunnskole,78,815
5,kvinne,grunnskole,32,1220
27,kvinne,høyere,36,476
4,kvinne,høyere,44,589
10,kvinne,høyere,33,1555
47,mann,videregående,40,853
35,mann,grunnskole,21,462
45,kvinne,høyere,83,1056
31,mann,videregående,49,1296
22,kvinne,videregående,47,787
16,kvinne,grunnskole,40,618
49,mann,grunnskole,35,1120
30,kvinne,høyere,36,940
27,kvinne,videregående,61,1915
19,kvinne,videregående,39,446
26,mann,videregående,21,434
53,mann,grunnskole,71,353
27,mann,videregående,47,555
52,kvinne,høyere,51,1438
22,mann,videregående,47,1796
50,mann,grunnskole,43,414
17,mann,videregående,37,351
30,mann,videregående,57,633
63,mann,videregående,42,1119
47,kvinne,videregående,38,943
20,mann,høyere,66,1280
40,mann,videregående,57,202
39,mann,videregående,42,982
42,kvinne,høyere,60,805
37,mann,høyere,71,477
15,kvinne,høyere,79,757
0,kvinne,høyere,47,635
16,kvinne,høyere,33,462
12,kvinne,videregående,35,523
16,mann,grunnskole,31,278
0,kvinne,videregående,48,384
7,kvinne,høyere,67,808
44,mann,høyere,45,1083
29,kvinne,høyere,41,4954
32,kvinne,videregående,58,1166
24,mann,høyere,26,205
19,mann,videregående,72,1660
27,mann,høyere,91,534
15,kvinne,høyere,71,232
28,mann,høyere,20,273
42,mann,grunnskole,40,354
0,kvinne,grunnskole,28,388
34,mann,høyere,51,973
33,mann,høyere,51,764
35,kvinne,høyere,30,1175
16,kvinne,høyere,49,3237
39,kvinne,videregående,25,2195
17,kvinne,grunnskole,23,455
31,mann,høyere,56,239
41,mann,grunnskole,66,297
45,mann,grunnskole,31,768
34,mann,videregående,44,683
20,kvinne,grunnskole,37,875
25,kvinne,høyere,47,1292
17,kvinne,grunnskole,50,433
35,kvinne,videregående,29,1186
49,mann,grunnskole,67,283
26,kvinne,høyere,48,146
49,mann,videregående,51,445
31,mann,videregående,36,1082
56,mann,høyere,74,1168
60,mann,videregående,66,2046
30,kvinne,videregående,57,706
31,mann,videregående,36,1072
26,mann,videregående,74,552
41,mann,høyere,41,3383
46,mann,grunnskole,41,3112
49,mann,videregående,59,1021
6,kvinne,høyere,44,141
26,kvinne,videregående,48,939
46,mann,videregående,53,642
46,kvinne,høyere,21,552
11,kvinne,høyere,54,243
42,mann,høyere,52,450
20,kvinne,videregående,35,889
34,kvinne,høyere,38,1324
25,kvinne,høyere,40,1333
18,kvinne,høyere,57,369
20,kvinne,grunnskole,22,967
22,kvinne,grunnskole,49,706
46,mann,videregående,45,420
26,kvinne,grunnskole,47,1061
24,mann,høyere,39,884
25,mann,grunnskole,35,649
39,kvinne,videregående,38,860
28,kvinne,grunnskole,64,2452
45,kvinne,høyere,27,2052
6,mann,grunnskole,53,192
18,kvinne,grunnskole,44,1247
15,kvinne,grunnskole,45,688
45,mann,videregående,56,203
64,mann,videregående,20,556
44,mann,høyere,39,753
15,mann,videregående,50,290
52,kvinne,videregående,40,2226
23,mann,høyere,22,1271
22,mann,høyere,84,493
35,mann,høyere,58,582
52,mann,videregående,29,1738
57,mann,grunnskole,49,312
55,kvinne,videregående,48,454
17,mann,grunnskole,47,464
35,kvinne,høyere,39,184
32,kvinne,grunnskole,58,1689
19,mann,grunnskole,51,383
42,mann,høyere,26,313
21,mann,høyere,64,886
18,mann,videregående,68,464
32,mann,grunnskole,56,1033
45,mann,videregående,51,248
46,mann,videregående,28,793
55,mann,høyere,60,665
25,kvinne,videregående,65,447
38,kvinne,videregående,23,1357
42,kvinne,høyere,43,648
14,kvinne,høyere,58,217
27,kvinne,videregående,32,689
42,mann,videregående,58,493
58,kvinne,høyere,42,651
71,mann,grunnskole,38,599
16,mann,grunnskole,48,1530
36,kvinne,høyere,69,302
42,mann,videregående,50,1605
0,kvinne,høyere,37,416
27,kvinne,videregående,25,680
29,mann,høyere,53,362
21,kvinne,videregående,66,148
11,kvinne,høyere,52,337
21,kvinne,høyere,34,574
49,mann,høyere,70,405
39,mann,høyere,60,1073
60,mann,høyere,41,420
41,mann,grunnskole,58,211
40,mann,videregående,43,907
31,kvinne,grunnskole,52,331
29,kvinne,grunnskole,37,197
44,mann,videregående,34,383
27,kvinne,videregående,25,1073
26,mann,grunnskole,65,716
3,kvinne,høyere,56,1365
0,kvinne,høyere,48,1873
33,mann,høyere,35,940
30,mann,grunnskole,31,142
63,mann,grunnskole,67,932
15,kvinne,grunnskole,55,612
0,kvinne,grunnskole,32,2662
0,kvinne,videregående,65,170
39,mann,høyere,62,1118
46,mann,videregående,70,710
47,kvinne,høyere,55,2143
44,mann,videregående,39,895
33,mann,høyere,45,919
25,mann,grunnskole,43,1075
33,kvinne,grunnskole,57,755
26,mann,høyere,52,1044
46,mann,grunnskole,56,1688
3,kvinne,videregående,30,170
13,kvinne,videregående,48,1234
28,mann,videregående,30,3372
35,kvinne,høyere,30,1542
28,mann,høyere,39,2093
29,mann,videregående,66,285
46,mann,høyere,28,2593
28,mann,høyere,67,239
32,mann,videregående,67,255
19,kvinne,videregående,53,455
66,mann,grunnskole,47,1075
12,mann,grunnskole,49,1778
34,kvinne,videregående,57,717
42,kvinne,videregående,28,1280
54,mann,høyere,44,622
11,mann,grunnskole,40,952
64,mann,videregående,56,3127
31,kvinne,videregående,37,899
44,kvinne,høyere,63,685
57,mann,høyere,43,1419
0,kvinne,videregående,50,185
42,mann,videregående,84,829
23,kvinne,høyere,51,352
34,mann,grunnskole,40,1035
14,kvinne,høyere,34,814
16,mann,videregående,48,1217
56,mann,høyere,64,2390
47,kvinne,høyere,36,658
19,kvinne,videregående,37,671
32,kvinne,høyere,45,1103
12,kvinne,grunnskole,27,809
19,mann,grunnskole,40,530
37,mann,videregående,66,309
15,mann,videregående,57,680
18,mann,grunnskole,33,1302
7,kvinne,videregående,37,166
38,mann,høyere,44,376
10,kvinne,høyere,26,1344
8,mann,høyere,44,2028
38,mann,videregående,52,616
15,mann,grunnskole,75,500
12,kvinne,videregående,31,274
18,kvinne,videregående,38,1372
18,mann,grunnskole,27,766
39,mann,videregående,49,584
31,kvinne,videregående,30,1356
13,kvinne,videregående,49,725
32,mann,grunnskole,38,348
34,kvinne,videregående,41,1024
20,kvinne,høyere,52,280
33,mann,videregående,53,3335
28,mann,videregående,98,530
41,mann,grunnskole,36,204
38,mann,grunnskole,30,532
18,mann,høyere,25,610
11,kvinne,høyere,67,352
35,kvinne,grunnskole,41,315
20,mann,videregående,43,978
1,kvinne,grunnskole,23,320
45,mann,høyere,62,731
26,kvinne,videregående,51,369
42,mann,videregående,67,312
24,kvinne,videregående,45,635
42,kvinne,videregående,37,552
47,mann,grunnskole,35,1378
42,mann,høyere,59,1462
24,mann,videregående,28,254
0,kvinne,videregående,40,677
52,kvinne,høyere,34,1273
0,kvinne,grunnskole,23,2392
0,mann,videregående,36,354
22,mann,videregående,34,512
43,kvinne,høyere,51,1199
38,mann,videregående,47,469
38,kvinne,høyere,42,760
12,kvinne,grunnskole,53,999
36,kvinne,høyere,26,878
25,kvinne,høyere,37,448
35,mann,grunnskole,33,1726
44,mann,høyere,26,207
37,kvinne,grunnskole,53,966
58,mann,høyere,42,964
24,kvinne,videregående,73,719
29,kvinne,høyere,60,240
19,kvinne,videregående,35,392
27,mann,høyere,48,1242
37,kvinne,høyere,45,1038
60,mann,høyere,35,1988
37,kvinne,høyere,33,815
39,kvinne,høyere,57,1021
17,kvinne,videregående,51,183
48,mann,høyere,61,456
17,kvinne,grunnskole,35,674
18,mann,videregående,26,1277
31,mann,videregående,60,591
46,mann,videregående,46,253
35,kvinne,videregående,50,935
30,kvinne,grunnskole,42,1342
23,kvinne,videregående,43,175
36,mann,videregående,55,2058
36,mann,grunnskole,79,261
18,mann,videregående,56,972
27,kvinne,grunnskole,65,1074
24,mann,grunnskole,26,395
20,kvinne,høyere,30,1397
15,kvinne,videregående,37,1056
27,kvinne,høyere,77,1326
34,mann,grunnskole,34,515
47,mann,grunnskole,43,863
47,kvinne,høyere,46,666
29,kvinne,videregående,36,336
22,mann,høyere,73,644
46,mann,grunnskole,41,668
40,kvinne,videregående,60,711
11,kvinne,grunnskole,53,127
18,mann,videregående,39,149
20,kvinne,høyere,29,798
0,kvinne,videregående,60,199
24,kvinne,høyere,35,418
21,kvinne,videregående,42,1254
41,mann,videregående,57,573
38,mann,høyere,56,485
26,kvinne,høyere,29,190
54,mann,høyere,79,1694
22,kvinne,videregående,61,244
12,kvinne,videregående,40,446
16,kvinne,videregående,69,714
7,kvinne,videregående,53,888
24,kvinne,videregående,55,497
41,mann,høyere,35,834
16,mann,grunnskole,36,395
33,mann,videregående,32,1789
36,mann,høyere,25,847
16,mann,grunnskole,52,873
31,mann,videregående,41,221
37,kvinne,videregående,38,184
0,kvinne,videregående,22,1079
12,mann,høyere,31,1284
16,kvinne,grunnskole,20,152
2,kvinne,grunnskole,26,1062
16,mann,høyere,37,1019
0,kvinne,høyere,40,398
24,kvinne,høyere,24,1272
10,mann,grunnskole,64,499
15,kvinne,videregående,64,693
45,mann,videregående,57,824
62,mann,videregående,38,1670
45,mann,grunnskole,56,1315
3,kvinne,høyere,83,596
47,mann,høyere,59,2513
16,kvinne,høyere,52,755
19,mann,videregående,28,431
42,kvinne,videregående,56,915
35,kvinne,videregående,48,1280
24,kvinne,grunnskole,79,975
29,mann,grunnskole,24,1822
28,kvinne,videregående,36,784
39,kvinne,videregående,28,384
37,kvinne,høyere,58,605
27,mann,høyere,41,855
33,kvinne,grunnskole,40,2897
13,kvinne,grunnskole,45,328
6,kvinne,videregående,64,630
29,mann,grunnskole,53,512
30,mann,videregående,34,1975
0,kvinne,høyere,44,1150
28,mann,grunnskole,70,1072
15,mann,videregående,59,545
24,mann,videregående,62,336
55,mann,videregående,73,1047
4,kvinne,videregående,73,649
40,mann,høyere,29,154
46,mann,høyere,52,416
27,kvinne,høyere,18,742
25,kvinne,videregående,33,781
51,kvinne,grunnskole,29,188
22,kvinne,høyere,42,474
38,mann,høyere,44,267
62,mann,videregående,32,1559
68,mann,høyere,64,1150
44,mann,videregående,49,525
2,kvinne,høyere,56,553
38,mann,videregående,22,1448
13,kvinne,grunnskole,23,977
44,mann,videregående,43,449
39,mann,videregående,38,781
39,kvinne,videregående,24,419
39,kvinne,høyere,50,684
33,kvinne,videregående,34,417
3,kvinne,videregående,62,1283
22,mann,videregående,70,1144
15,kvinne,høyere,25,1637
29,kvinne,videregående,25,750
48,mann,høyere,82,1739
41,kvinne,høyere,22,372
33,mann,videregående,70,528
26,kvinne,høyere,51,1102
66,mann,videregående,31,344
40,mann,høyere,24,2143
18,kvinne,høyere,25,1251
0,kvinne,høyere,43,144
37,mann,grunnskole,43,485
13,kvinne,videregående,19,584
47,mann,grunnskole,75,611
40,mann,grunnskole,24,503
39,mann,grunnskole,23,504
64,mann,videregående,57,1334
27,mann,videregående,38,694
20,kvinne,videregående,42,725
46,mann,høyere,41,621
0,kvinne,grunnskole,63,288
27,kvinne,grunnskole,37,194
10,mann,videregående,58,904
25,kvinne,høyere,59,1624
25,kvinne,høyere,61,192
33,mann,videregående,58,1256
41,mann,videregående,40,1014
18,mann,grunnskole,20,1063
33,kvinne,høyere,72,475
32,kvinne,høyere,32,1067
18,kvinne,høyere,37,367
18,mann,høyere,52,681
21,kvinne,videregående,60,329
49,kvinne,høyere,56,735
11,kvinne,videregående,77,617
30,kvinne,høyere,81,710
65,mann,høyere,54,975
34,kvinne,høyere,41,1688
26,mann,videregående,51,233
34,kvinne,grunnskole,60,299
25,mann,videregående,51,716
45,kvinne,grunnskole,50,1292
30,mann,videregående,34,1348
27,mann,høyere,37,385
19,kvinne,videregående,42,464
5,kvinne,høyere,38,447
24,mann,grunnskole,49,239
9,kvinne,grunnskole,47,118
66,mann,grunnskole,31,752
12,kvinne,grunnskole,19,1833
40,mann,videregående,40,1532
22,mann,videregående,51,464
39,kvinne,høyere,84,763
28,mann,høyere,74,461
22,kvinne,videregående,39,421
32,mann,høyere,25,721
34,mann,videregående,56,698
12,mann,høyere,51,811
51,mann,høyere,49,970
40,mann,grunnskole,49,510
39,kvinne,høyere,82,793
21,kvinne,høyere,51,1271
41,mann,høyere,53,800
29,mann,grunnskole,48,647
29,kvinne,grunnskole,35,569
48,mann,videregående,26,1062
35,kvinne,høyere,23,256
41,kvinne,videregående,21,280
34,kvinne,videregående,71,984
21,kvinne,videregående,46,411
16,mann,grunnskole,39,599
15,mann,videregående,69,400
32,mann,høyere,50,537
0,kvinne,høyere,64,2436
31,kvinne,videregående,41,210
13,kvinne,videregående,29,420
13,kvinne,grunnskole,50,191
32,mann,grunnskole,43,305
4,kvinne,videregående,71,1843
51,mann,høyere,32,2528
48,mann,videregående,37,219
31,kvinne,grunnskole,60,501
19,kvinne,videregående,45,943
15,kvinne,videregående,20,657
7,kvinne,høyere,64,991
26,kvinne,høyere,62,528
0,kvinne,videregående,24,334
38,mann,høyere,36,329
32,kvinne,høyere,55,2280
42,mann,høyere,46,572
14,kvinne,videregående,42,488
32,mann,videregående,35,553
34,kvinne,grunnskole,75,351
47,kvinne,høyere,26,764
5,mann,grunnskole,19,395
2,kvinne,grunnskole,22,479
33,kvinne,grunnskole,81,745
0,kvinne,grunnskole,31,539
8,kvinne,grunnskole,31,666
51,kvinne,høyere,45,609
28,mann,høyere,77,2268
23,kvinne,grunnskole,54,462
29,mann,høyere,39,297
41,kvinne,høyere,44,858
2,kvinne,høyere,21,811
4,mann,videregående,28,453
22,mann,høyere,64,282
51,kvinne,høyere,67,1101
23,kvinne,videregående,68,2023
30,mann,grunnskole,49,562
46,kvinne,grunnskole,27,485
34,mann,høyere,48,575
28,kvinne,grunnskole,56,428
50,mann,høyere,35,1005
28,mann,grunnskole,53,474
44,mann,grunnskole,48,1217
47,mann,videregående,29,1430
21,kvinne,høyere,66,1085
41,mann,videregående,22,1462
34,mann,høyere,23,467
39,kvinne,videregående,66,775
31,mann,videregående,34,754
11,kvinne,høyere,30,1104
25,mann,videregående,52,343
7,kvinne,videregående,51,826
22,kvinne,høyere,34,1742
16,mann,videregående,44,270
14,kvinne,grunnskole,47,701
7,kvinne,høyere,62,377
0,kvinne,videregående,29,1005
32,mann,høyere,54,1368
19,kvinne,videregående,57,653
22,kvinne,videregående,31,518
0,kvinne,grunnskole,46,165
0,kvinne,grunnskole,26,1347
24,kvinne,videregående,32,2717
16,kvinne,videregående,68,403
40,mann,høyere,38,634
28,kvinne,høyere,44,1148
1,mann,høyere,71,711
37,mann,høyere,58,373
40,kvinne,videregående,72,773
35,mann,høyere,51,189
0,kvinne,grunnskole,23,310
30,kvinne,videregående,28,1369
49,mann,grunnskole,74,462
13,kvinne,grunnskole,57,973
14,mann,videregående,48,1769
21,kvinne,grunnskole,57,1895
16,kvinne,videregående,39,885
12,mann,grunnskole,42,159
44,kvinne,grunnskole,45,1650
13,mann,videregående,35,405
21,mann,høyere,86,698
10,kvinne,grunnskole,45,1668
36,mann,videregående,81,572
41,mann,videregående,48,639
25,mann,videregående,52,902
39,mann,videregående,39,982
24,mann,videregående,23,92
33,mann,videregående,46,177
11,mann,videregående,44,201
49,kvinne,grunnskole,57,400
29,kvinne,videregående,36,253
35,kvinne,høyere,60,525
25,kvinne,videregående,76,183
9,kvinne,høyere,61,624
55,mann,høyere,23,575
25,mann,høyere,63,547
35,mann,grunnskole,62,225
23,kvinne,videregående,57,1807
41,mann,grunnskole,52,639
20,kvinne,videregående,56,162
40,kvinne,videregående,35,1370
33,kvinne,videregående,46,934
34,kvinne,videregående,21,625
14,kvinne,grunnskole,59,766
38,kvinne,grunnskole,39,641
31,mann,høyere,29,208
54,mann,videregående,57,1046
61,mann,videregående,35,831
42,mann,høyere,27,164
8,mann,grunnskole,49,1050
44,mann,videregående,56,418
9,kvinne,videregående,48,457
27,kvinne,høyere,27,583
17,kvinne,grunnskole,57,251
40,mann,grunnskole,49,251
38,kvinne,høyere,40,422
5,kvinne,videregående,48,238
46,mann,høyere,45,127
28,mann,høyere,19,429
0,kvinne,høyere,58,689
34,mann,grunnskole,33,1528
49,kvinne,grunnskole,37,923
21,kvinne,videregående,51,339
25,mann,høyere,42,342
19,kvinne,høyere,45,765
40,mann,videregående,40,683
44,mann,høyere,48,1147
8,kvinne,grunnskole,52,505
11,mann,høyere,63,1068
33,mann,høyere,37,804
15,mann,høyere,35,803
17,kvinne,videregående,26,413
19,kvinne,grunnskole,40,414
34,mann,grunnskole,21,491
51,mann,videregående,80,1953
20,kvinne,høyere,76,336
13,mann,videregående,48,503
32,kvinne,grunnskole,56,1096
57,mann,videregående,54,1822
51,kvinne,videregående,83,346
26,kvinne,videregående,60,900
44,mann,høyere,55,791
19,kvinne,videregående,56,389
41,mann,høyere,41,658
16,kvinne,høyere,43,637
0,kvinne,grunnskole,63,2358
15,kvinne,videregående,25,467
74,mann,grunnskole,32,3875
23,kvinne,høyere,20,236
56,mann,grunnskole,79,485
34,kvinne,videregående,39,1181
11,mann,videregående,36,280
11,kvinne,høyere,39,1215
51,mann,grunnskole,64,668
52,mann,grunnskole,44,802
29,mann,videregående,50,3599
47,kvinne,videregående,35,1225
0,kvinne,videregående,47,605
51,mann,videregående,61,668
11,kvinne,videregående,39,749
25,kvinne,høyere,25,1029
42,mann,høyere,33,535
21,kvinne,videregående,55,2266
48,mann,høyere,60,439
52,mann,grunnskole,58,331
55,kvinne,høyere,56,391
29,kvinne,grunnskole,32,1008
24,mann,videregående,58,1386
13,mann,videregående,67,717
13,mann,grunnskole,87,822
0,mann,grunnskole,44,205
74,mann,videregående,65,1310
31,mann,høyere,50,798
35,kvinne,høyere,51,1306
46,kvinne,høyere,36,2171
34,mann,høyere,25,424
26,kvinne,videregående,42,385
54,mann,høyere,30,265
9,kvinne,høyere,90,683
22,kvinne,høyere,27,761
23,kvinne,høyere,27,225
43,kvinne,videregående,62,2435
53,kvinne,videregående,30,366
36,mann,videregående,32,436
28,kvinne,grunnskole,24,369
26,mann,videregående,46,648
21,kvinne,videregående,22,229
5,mann,videregående,20,503
23,kvinne,høyere,34,733
41,mann,høyere,43,1347
59,mann,grunnskole,51,1259
2,kvinne,videregående,47,786
37,mann,videregående,32,867
16,mann,videregående,42,147
29,mann,grunnskole,47,1297
21,kvinne,videregående,30,1276
25,mann,høyere,49,577
9,mann,høyere,46,361
9,kvinne,grunnskole,46,1446
39,mann,grunnskole,39,1200
26,kvinne,videregående,24,1736
32,mann,videregående,21,326
43,mann,videregående,60,389
39,mann,grunnskole,69,1088
32,kvinne,grunnskole,72,137
39,kvinne,høyere,53,673
14,kvinne,grunnskole,39,609
45,mann,høyere,18,628
45,mann,grunnskole,52,717
27,kvinne,videregående,45,1137
23,kvinne,videregående,42,1124
12,mann,videregående,50,679
41,mann,videregående,64,107
35,mann,videregående,42,216
49,kvinne,grunnskole,56,1153
20,kvinne,grunnskole,40,202
21,mann,videregående,46,886
14,kvinne,grunnskole,36,569
12,mann,høyere,34,842
41,mann,høyere,31,158
36,mann,videregående,72,317
23,mann,grunnskole,45,968
39,kvinne,grunnskole,67,305
20,mann,grunnskole,71,433
49,kvinne,høyere,49,1059
0,kvinne,grunnskole,77,2225
38,mann,videregående,62,1380
0,kvinne,høyere,68,550
33,kvinne,høyere,30,2171
8,kvinne,videregående,56,1646
26,mann,videregående,33,182
44,mann,grunnskole,41,1353
63,mann,høyere,41,2320
28,mann,videregående,26,907
27,mann,grunnskole,34,265
52,mann,videregående,45,679
47,mann,høyere,48,822
34,mann,grunnskole,59,543
48,kvinne,grunnskole,59,215
28,mann,videregående,69,329
29,mann,høyere,37,590
46,mann,videregående,31,2447
37,kvinne,høyere,20,454
50,mann,videregående,43,855
29,kvinne,videregående,65,951
59,kvinne,høyere,52,412
30,kvinne,grunnskole,22,519
39,kvinne,høyere,48,318
5,kvinne,høyere,49,564
37,mann,høyere,43,134
34,kvinne,videregående,73,726
59,kvinne,høyere,58,293
26,kvinne,grunnskole,50,247
10,kvinne,videregående,23,225
24,kvinne,grunnskole,33,965
35,kvinne,videregående,27,649
62,kvinne,videregående,38,299
51,mann,grunnskole,81,758
50,mann,høyere,46,1053
1,mann,grunnskole,45,244
40,kvinne,videregående,61,624
15,mann,grunnskole,42,1746
20,mann,grunnskole,68,1518
33,kvinne,grunnskole,35,1135
11,kvinne,videregående,47,864
36,kvinne,videregående,31,908
0,kvinne,videregående,36,3176
23,kvinne,videregående,26,437
48,mann,høyere,60,227
35,kvinne,høyere,46,2471
47,mann,videregående,43,1505
15,kvinne,videregående,80,884
13,kvinne,høyere,29,239
34,mann,videregående,73,2230
45,mann,grunnskole,57,162
23,mann,grunnskole,40,673
22,mann,videregående,62,2031
49,kvinne,høyere,43,1312
22,kvinne,høyere,31,511
38,kvinne,videregående,81,396
53,mann,grunnskole,30,304
37,mann,grunnskole,56,253
23,mann,høyere,32,1719
28,kvinne,grunnskole,27,221
57,mann,videregående,41,1257
9,mann,grunnskole,82,688
14,mann,videregående,68,726
19,mann,grunnskole,46,712
34,mann,grunnskole,70,745
53,mann,videregående,38,808
18,kvinne,videregående,73,344
19,kvinne,høyere,38,521
21,kvinne,grunnskole,50,309
33,kvinne,videregående,26,1159
29,kvinne,høyere,58,460
39,mann,høyere,63,1133
31,kvinne,videregående,38,704
15,kvinne,grunnskole,55,224
13,kvinne,grunnskole,31,832
49,mann,grunnskole,75,320
49,mann,videregående,45,1051
43,mann,høyere,34,1329
16,kvinne,videregående,36,544
36,mann,videregående,44,696
5,kvinne,høyere,48,601
29,mann,videregående,77,744
26,kvinne,høyere,89,1249
21,kvinne,høyere,53,741
36,kvinne,høyere,57,873
17,mann,høyere,30,1334
23,kvinne,høyere,48,2704
52,mann,grunnskole,41,1754
0,mann,videregående,30,350
10,kvinne,grunnskole,47,1742
24,kvinne,høyere,34,346
24,mann,høyere,58,538
66,mann,høyere,76,839
24,kvinne,videregående,98,738
52,mann,videregående,48,982
30,kvinne,grunnskole,29,1181
40,kvinne,høyere,30,2432
39,mann,videregående,56,576
49,mann,videregående,70,448
33,mann,videregående,72,736
45,kvinne,grunnskole,33,877
17,kvinne,grunnskole,34,355
48,kvinne,videregående,25,462
0,kvinne,høyere,58,659
45,mann,høyere,21,899
30,kvinne,videregående,47,2300
14,mann,grunnskole,60,344
47,mann,videregående,44,725
12,kvinne,høyere,54,814
36,kvinne,høyere,40,1036
0,kvinne,grunnskole,45,598
34,mann,videregående,55,649
40,kvinne,videregående,71,292
15,mann,grunnskole,71,334
37,mann,videregående,49,307
26,mann,grunnskole,27,428
45,mann,grunnskole,61,2452
29,mann,grunnskole,48,339
27,mann,videregående,37,291
20,kvinne,høyere,61,1491
13,kvinne,grunnskole,35,1300
37,kvinne,videregående,26,354
35,mann,grunnskole,54,518
27,mann,videregående,59,1383
43,kvinne,grunnskole,58,231
19,mann,høyere,25,807
2,kvinne,høyere,59,344
40,kvinne,høyere,41,183
33,mann,høyere,49,1094
41,kvinne,grunnskole,40,1097
29,mann,høyere,41,1089
39,mann,videregående,41,1518
19,kvinne,videregående,30,134
37,kvinne,høyere,36,1011
13,kvinne,videregående,50,360
24,kvinne,grunnskole,51,511
42,mann,videregående,39,350
19,kvinne,høyere,58,501
22,kvinne,høyere,54,256
18,mann,videregående,54,1673
13,kvinne,grunnskole,37,141
21,mann,grunnskole,32,272
12,kvinne,videregående,24,184
27,mann,grunnskole,57,893
53,mann,videregående,27,739
19,mann,videregående,45,1383
33,kvinne,grunnskole,58,957
18,kvinne,videregående,24,247
3,kvinne,videregående,57,1000
29,mann,videregående,34,504
42,mann,høyere,54,1039
31,mann,videregående,40,971
40,mann,høyere,36,881
1,kvinne,grunnskole,36,532
0,kvinne,videregående,72,245
37,kvinne,høyere,38,712
33,kvinne,grunnskole,50,288
18,kvinne,grunnskole,43,433
41,mann,høyere,64,549
46,mann,grunnskole,31,1446
39,kvinne,videregående,50,581
47,mann,videregående,26,250
11,kvinne,videregående,28,556
49,mann,videregående,46,449
47,mann,videregående,74,1345
47,mann,videregående,19,376
16,kvinne,videregående,25,1878
17,kvinne,grunnskole,61,977
41,kvinne,grunnskole,49,660
45,mann,høyere,76,648
46,mann,høyere,54,367
39,mann,grunnskole,68,313
22,mann,videregående,48,286
48,kvinne,høyere,19,425
2,kvinne,høyere,32,664
60,mann,grunnskole,56,1113
43,mann,høyere,34,367
22,mann,grunnskole,51,1047
52,mann,høyere,55,169
38,mann,grunnskole,65,967
19,mann,grunnskole,29,1139
5,kvinne,videregående,32,606
38,mann,høyere,28,2573
24,mann,videregående,64,913
56,mann,grunnskole,46,877
15,kvinne,høyere,62,734
37,mann,høyere,75,1228
23,kvinne,høyere,46,1082
17,mann,videregående,27,659
35,mann,grunnskole,35,330
28,kvinne,høyere,43,600
44,mann,høyere,29,1285
3,kvinne,høyere,33,154
27,mann,høyere,66,262
23,mann,videregående,39,159
32,kvinne,grunnskole,26,735
40,mann,grunnskole,36,1516
17,kvinne,høyere,42,1559
50,mann,videregående,65,1634
46,kvinne,høyere,70,983
44,mann,grunnskole,58,249
30,mann,høyere,61,184
17,mann,videregående,46,172
25,mann,grunnskole,62,786
30,kvinne,videregående,55,466
38,mann,grunnskole,66,575
10,mann,videregående,49,445
41,mann,grunnskole,40,952
19,kvinne,videregående,26,293
38,mann,videregående,36,203
36,mann,grunnskole,29,821
13,mann,høyere,38,376
49,mann,høyere,41,485
24,kvinne,grunnskole,69,914
30,kvinne,høyere,60,1773
27,kvinne,høyere,63,1273
43,kvinne,grunnskole,36,1096
42,mann,høyere,62,658
27,kvinne,høyere,84,888
26,mann,grunnskole,41,507
65,mann,videregående,67,508
0,kvinne,videregående,52,206
35,mann,høyere,26,392
40,kvinne,videregående,90,546
18,kvinne,høyere,26,463
42,mann,grunnskole,63,879
9,kvinne,grunnskole,75,2116
34,mann,høyere,49,916
45,mann,grunnskole,75,1350
45,mann,høyere,57,705
54,mann,videregående,61,397
23,kvinne,videregående,64,3019
62,kvinne,grunnskole,61,455
0,kvinne,videregående,37,758
37,kvinne,videregående,40,539
59,kvinne,høyere,76,1898
35,kvinne,videregående,67,1796
42,kvinne,grunnskole,44,1318
23,kvinne,videregående,53,635
10,kvinne,videregående,64,776
46,mann,høyere,48,693
42,mann,videregående,51,225
15,kvinne,grunnskole,63,1016
53,mann,videregående,43,237
20,kvinne,videregående,48,558
49,kvinne,grunnskole,70,1951
9,kvinne,høyere,44,1063
37,mann,høyere,50,502
52,mann,høyere,54,506
57,mann,høyere,68,587
30,kvinne,videregående,58,324
19,kvinne,videregående,46,1425
13,kvinne,grunnskole,37,279
34,mann,høyere,39,877
40,mann,høyere,78,523
49,mann,høyere,37,1394
23,mann,videregående,22,438
29,kvinne,grunnskole,32,241
11,kvinne,høyere,42,158
9,mann,videregående,30,141
28,kvinne,høyere,35,419
44,mann,grunnskole,31,674
63,mann,videregående,86,361
27,mann,videregående,22,1079
27,mann,høyere,47,295
14,kvinne,videregående,52,2251
34,mann,grunnskole,30,463
35,mann,høyere,73,527
12,kvinne,videregående,59,683
25,kvinne,videregående,64,698
20,kvinne,grunnskole,58,1549
28,kvinne,grunnskole,33,318
32,mann,videregående,43,2202
20,kvinne,høyere,37,770
38,mann,høyere,74,269
57,mann,videregående,48,482
54,mann,grunnskole,50,1119
12,mann,høyere,65,321
33,mann,grunnskole,22,295
21,kvinne,grunnskole,23,184
37,mann,videregående,52,1469
29,kvinne,videregående,33,801
12,kvinne,høyere,28,267
47,mann,videregående,32,974
35,kvinne,høyere,80,982
31,kvinne,høyere,48,565
37,mann,høyere,69,576
45,kvinne,videregående,33,641
22,mann,høyere,36,642
8,kvinne,høyere,56,1363
19,mann,videregående,21,982
26,kvinne,videregående,30,1635
16,kvinne,høyere,53,783
47,mann,grunnskole,63,4848
36,kvinne,grunnskole,61,1507
44,mann,høyere,56,370
41,mann,videregående,70,515
27,mann,høyere,27,124
8,kvinne,høyere,54,824
36,mann,høyere,71,1936
20,kvinne,videregående,49,338
15,kvinne,høyere,51,222
46,mann,høyere,58,889
25,mann,høyere,31,947
65,mann,høyere,39,316
48,kvinne,grunnskole,46,773
40,kvinne,videregående,64,261
35,mann,videregående,45,289
36,mann,høyere,54,1130
11,kvinne,videregående,73,3521
61,mann,høyere,28,1205
25,kvinne,videregående,63,402
31,kvinne,videregående,74,672
36,mann,videregående,41,995
11,kvinne,høyere,61,972
35,mann,grunnskole,46,183
36,mann,videregående,24,415
48,mann,videregående,40,2782
12,kvinne,videregående,25,577
43,mann,høyere,58,1432
32,kvinne,videregående,73,1167
40,mann,høyere,64,592
0,kvinne,høyere,68,431
22,mann,videregående,72,812
25,mann,høyere,51,849
5,kvinne,videregående,79,1061
35,kvinne,høyere,33,151
39,kvinne,videregående,59,314
24,mann,videregående,41,561
20,mann,høyere,69,234
21,kvinne,videregående,54,419
38,mann,høyere,44,326
20,kvinne,videregående,58,1189
19,kvinne,høyere,18,666
47,mann,grunnskole,39,410
12,kvinne,høyere,37,2044
20,mann,videregående,48,277
10,kvinne,grunnskole,64,511
35,mann,videregående,20,1347
45,kvinne,videregående,84,692
7,kvinne,grunnskole,46,920
34,kvinne,høyere,44,704
0,kvinne,videregående,20,1513
17,mann,videregående,71,278
18,mann,videregående,44,709
29,kvinne,grunnskole,68,607
6,kvinne,videregående,38,325
39,kvinne,videregående,95,894
64,kvinne,høyere,54,500
28,kvinne,grunnskole,40,1407
20,kvinne,videregående,53,920
45,mann,grunnskole,26,378
10,mann,høyere,40,562
21,kvinne,videregående,19,743
52,mann,videregående,21,789
44,kvinne,videregående,23,908
1,mann,grunnskole,38,385
5,kvinne,grunnskole,55,362
25,kvinne,videregående,72,320
35,kvinne,videregående,51,523
4,kvinne,videregående,24,994
51,mann,høyere,50,177
16,kvinne,høyere,38,431
44,mann,grunnskole,57,281
15,kvinne,grunnskole,25,418
16,mann,høyere,31,838
39,kvinne,grunnskole,56,2298
33,mann,videregående,67,818
5,kvinne,grunnskole,73,210
35,kvinne,høyere,45,1280
61,mann,høyere,73,2532
33,kvinne,høyere,77,627
0,mann,høyere,42,586
37,kvinne,grunnskole,27,532
13,kvinne,høyere,53,353
37,kvinne,grunnskole,38,433
17,kvinne,høyere,20,292
41,mann,høyere,57,361
1,kvinne,høyere,29,391
13,kvinne,høyere,35,229
16,kvinne,grunnskole,69,283
16,kvinne,grunnskole,43,297
37,mann,høyere,34,390
27,kvinne,grunnskole,62,632
13,kvinne,grunnskole,37,425
47,kvinne,høyere,29,780
51,mann,videregående,40,553
7,kvinne,høyere,44,953
5,mann,grunnskole,74,574
38,mann,videregående,21,1071
50,mann,høyere,54,968
3,kvinne,grunnskole,72,618
43,mann,høyere,45,806
14,mann,grunnskole,28,4138
10,kvinne,videregående,23,623
6,kvinne,høyere,55,1352
46,mann,videregående,68,536
15,kvinne,grunnskole,82,1484
21,mann,videregående,52,485
23,mann,grunnskole,23,964
24,mann,videregående,40,316
63,mann,høyere,25,896
32,mann,høyere,47,607
56,kvinne,videregående,43,1486
51,mann,videregående,49,476
45,mann,videregående,33,130
26,kvinne,videregående,75,331
37,mann,videregående,44,1386
56,mann,videregående,25,515
62,mann,videregående,51,1001
34,mann,videregående,18,1033
30,kvinne,grunnskole,50,555
27,mann,høyere,32,1856
33,kvinne,grunnskole,59,481
2,kvinne,videregående,35,546
23,kvinne,videregående,45,986
26,mann,videregående,60,263
36,kvinne,høyere,50,1018
15,kvinne,videregående,37,699
28,mann,videregående,35,3065
10,kvinne,videregående,67,544
6,kvinne,videregående,93,524
40,mann,grunnskole,41,852
21,kvinne,videregående,76,1077
40,mann,videregående,67,432
11,kvinne,høyere,31,1028
50,mann,videregående,57,565
22,kvinne,grunnskole,30,610
16,kvinne,høyere,38,873
3,kvinne,videregående,54,243
16,mann,grunnskole,37,490
23,mann,videregående,62,704
40,kvinne,videregående,38,2028
14,mann,grunnskole,52,382
22,kvinne,grunnskole,76,477
48,kvinne,videregående,30,413
0,kvinne,grunnskole,58,768
45,mann,videregående,31,369
37,mann,grunnskole,28,362
43,mann,grunnskole,21,649
33,kvinne,grunnskole,44,283
9,kvinne,videregående,35,606
8,kvinne,videregående,22,1724
36,mann,høyere,51,324
12,kvinne,grunnskole,71,615
16,mann,videregående,54,937
35,kvinne,videregående,74,509
42,kvinne,videregående,62,978
0,kvinne,grunnskole,43,313
44,mann,høyere,72,2570
32,mann,videregående,45,1761
29,kvinne,grunnskole,49,340
56,mann,høyere,99,974
27,mann,høyere,91,893
5,mann,grunnskole,42,345
50,kvinne,videregående,95,307
26,kvinne,høyere,62,650
57,mann,videregående,43,3218
26,kvinne,høyere,48,925
42,mann,videregående,49,619
32,mann,grunnskole,59,813
0,kvinne,høyere,36,534
45,kvinne,videregående,38,461
51,mann,videregående,48,876
50,mann,høyere,34,643
39,mann,videregående,73,1407
52,mann,videregående,64,722
18,kvinne,grunnskole,47,1599
31,mann,høyere,52,774
37,mann,videregående,33,430
24,mann,grunnskole,46,2338
7,kvinne,grunnskole,65,761
7,kvinne,høyere,44,141
71,mann,høyere,66,573
45,mann,høyere,52,2512
18,kvinne,høyere,30,479
28,mann,videregående,45,667
25,mann,høyere,39,565
19,mann,høyere,87,463
9,kvinne,videregående,48,1038
4,mann,høyere,39,532
41,mann,grunnskole,49,379
38,mann,videregående,18,979
9,kvinne,videregående,34,1557
60,kvinne,videregående,32,265
25,mann,høyere,61,349
51,mann,grunnskole,32,3248
31,kvinne,grunnskole,48,352
16,kvinne,videregående,60,447
8,kvinne,høyere,56,172
27,mann,høyere,48,380
44,kvinne,videregående,23,2073
22,kvinne,videregående,26,758
38,kvinne,høyere,90,587
15,mann,grunnskole,47,483
57,kvinne,grunnskole,45,1670
40,kvinne,grunnskole,59,207
27,kvinne,høyere,63,289
12,kvinne,videregående,34,920
5,kvinne,grunnskole,35,183
9,mann,videregående,21,449
46,kvinne,høyere,39,531
0,kvinne,videregående,37,763
18,mann,grunnskole,56,331
49,mann,videregående,56,803
31,mann,høyere,35,751
45,kvinne,grunnskole,57,424
30,mann,grunnskole,72,257
18,mann,videregående,28,1107
58,kvinne,høyere,67,461
37,kvinne,videregående,29,1614
26,kvinne,høyere,47,310
48,mann,videregående,22,844
35,mann,videregående,47,879
16,mann,grunnskole,22,454
39,mann,videregående,56,147
33,kvinne,høyere,62,827
23,mann,grunnskole,65,510
40,mann,høyere,51,656
45,mann,videregående,59,615
11,kvinne,høyere,49,587
12,mann,videregående,35,664
29,kvinne,høyere,32,452
36,kvinne,grunnskole,52,353
8,kvinne,høyere,58,230
36,mann,grunnskole,31,465
39,mann,videregående,50,320
35,mann,videregående,41,301
32,kvinne,høyere,44,575
1,kvinne,videregående,61,1426
39,mann,høyere,48,354
4,kvinne,videregående,65,677
44,mann,videregående,19,1227
36,mann,videregående,56,567
15,kvinne,videregående,46,367
19,kvinne,videregående,34,1856
50,mann,videregående,24,421
9,kvinne,høyere,85,319
7,kvinne,videregående,37,1044
52,mann,høyere,56,489
17,mann,høyere,41,168
20,kvinne,videregående,52,296
9,kvinne,videregående,26,414
15,kvinne,videregående,62,375
41,mann,videregående,46,740
27,kvinne,videregående,37,1083
43,mann,videregående,28,991
4,mann,videregående,31,562
57,mann,videregående,56,530
5,kvinne,grunnskole,48,924
10,kvinne,videregående,27,1233
14,mann,videregående,78,939
27,kvinne,høyere,66,715
23,mann,grunnskole,48,1463
16,kvinne,høyere,27,545
70,mann,høyere,54,624
25,kvinne,høyere,52,373
29,kvinne,grunnskole,88,1952
53,mann,videregående,43,1063
27,kvinne,grunnskole,70,460
35,mann,høyere,76,980
27,mann,høyere,46,1176
43,mann,videregående,38,2349
38,kvinne,grunnskole,63,1886
57,mann,grunnskole,84,1128
36,kvinne,høyere,44,574
45,mann,videregående,33,244
0,kvinne,grunnskole,57,414
40,kvinne,høyere,74,455
57,mann,videregående,76,2376
35,kvinne,videregående,70,962
23,mann,videregående,51,543
17,kvinne,videregående,64,496
22,mann,høyere,20,757
22,kvinne,grunnskole,67,1920
43,mann,høyere,50,1733
42,mann,grunnskole,45,263
5,kvinne,høyere,71,173
42,mann,videregående,39,937
26,mann,grunnskole,24,570
19,mann,høyere,26,1196
42,mann,grunnskole,65,658
37,mann,videregående,54,768
24,kvinne,høyere,21,274
85,mann,høyere,54,2293
38,mann,videregående,37,303
44,kvinne,videregående,26,225
11,kvinne,videregående,46,583
57,mann,videregående,39,426
2,kvinne,høyere,29,298
38,mann,høyere,41,4937
9,mann,videregående,42,591
23,mann,grunnskole,52,3075
13,kvinne,videregående,54,796
45,kvinne,høyere,21,168
4,kvinne,videregående,63,1090
32,kvinne,videregående,56,248
30,kvinne,høyere,35,524
21,mann,videregående,47,2097
27,kvinne,høyere,44,763
55,mann,høyere,55,378
23,kvinne,høyere,33,1643
17,kvinne,høyere,44,1518
21,kvinne,videregående,62,566
29,kvinne,videregående,34,989
37,mann,høyere,34,392
2,kvinne,høyere,83,382
21,mann,videregående,51,1945
34,kvinne,høyere,86,203
32,mann,høyere,39,1300
34,mann,videregående,50,866
20,mann,videregående,43,908
28,kvinne,høyere,46,1178
11,mann,høyere,53,726
3,mann,videregående,43,155
68,mann,grunnskole,40,1951
30,mann,grunnskole,73,409
30,kvinne,videregående,57,436
43,kvinne,videregående,44,1443
29,mann,grunnskole,37,1411
38,kvinne,videregående,59,1156
42,kvinne,høyere,53,912
33,mann,videregående,54,2151
17,kvinne,høyere,28,1070
0,kvinne,grunnskole,53,1065
33,mann,høyere,59,857
36,mann,høyere,96,872
0,kvinne,videregående,58,408
0,kvinne,grunnskole,64,734
73,mann,videregående,88,1886
25,mann,videregående,52,255
7,kvinne,videregående,45,513
45,kvinne,grunnskole,63,2350
46,mann,høyere,40,472
24,kvinne,grunnskole,35,620
11,mann,videregående,33,568
44,kvinne,videregående,63,335
64,mann,høyere,61,427
33,kvinne,høyere,19,1644
19,kvinne,videregående,56,532
33,mann,høyere,43,539
13,mann,videregående,58,500
52,kvinne,høyere,30,301
45,mann,videregående,66,896
57,mann,videregående,53,1233
25,mann,videregående,31,411
3,kvinne,videregående,55,1186
5,mann,videregående,36,505
44,mann,videregående,38,354
29,mann,videregående,37,1130
40,mann,videregående,40,774
40,mann,grunnskole,26,1008
34,kvinne,videregående,42,1829
34,mann,grunnskole,47,421
41,mann,videregående,59,1122
41,mann,grunnskole,37,1338
41,kvinne,grunnskole,60,960
21,kvinne,høyere,53,423
15,mann,videregående,32,330
51,mann,videregående,20,657
45,mann,grunnskole,49,712
20,mann,videregående,30,585
15,kvinne,videregående,69,1818
33,mann,videregående,74,534
24,kvinne,høyere,22,405
50,mann,videregående,88,808
7,mann,grunnskole,36,1064
33,kvinne,høyere,53,655
17,kvinne,grunnskole,52,574
52,mann,høyere,45,947
32,kvinne,videregående,57,1786
24,kvinne,videregående,26,118
35,mann,grunnskole,49,412
30,mann,høyere,31,296
57,mann,høyere,32,1294
3,kvinne,grunnskole,34,607
64,kvinne,høyere,47,425
16,kvinne,videregående,37,840
8,kvinne,høyere,78,297
47,mann,videregående,54,429
16,mann,høyere,76,325
21,kvinne,videregående,42,469
31,mann,høyere,37,1333
51,mann,høyere,32,541
23,kvinne,høyere,53,849
6,kvinne,videregående,59,511
16,kvinne,videregående,35,286
38,kvinne,høyere,49,787
59,mann,grunnskole,72,633
19,kvinne,videregående,36,570
22,kvinne,videregående,65,1058
52,mann,grunnskole,18,1884
42,mann,grunnskole,39,657
33,kvinne,videregående,30,477
46,mann,videregående,47,971
36,mann,grunnskole,58,294
14,kvinne,høyere,47,743
29,mann,grunnskole,74,842
37,kvinne,grunnskole,54,361
17,kvinne,grunnskole,90,2011
40,mann,videregående,64,119
24,kvinne,videregående,57,1160
56,mann,høyere,25,288
11,mann,videregående,53,804
20,mann,videregående,22,483
29,mann,videregående,77,220
46,kvinne,videregående,31,956
43,mann,grunnskole,60,1086
41,mann,grunnskole,72,332
53,mann,videregående,83,183
49,mann,høyere,58,1040
49,kvinne,høyere,50,771
15,mann,høyere,37,1432
68,mann,høyere,67,1017
41,mann,høyere,42,634
70,mann,høyere,38,1023
42,kvinne,høyere,38,619
34,mann,videregående,62,1465
26,kvinne,høyere,60,995
73,kvinne,høyere,29,1075
48,kvinne,videregående,39,619
35,mann,videregående,66,818
14,kvinne,høyere,25,177
30,mann,videregående,50,685
25,mann,grunnskole,36,827
8,kvinne,grunnskole,48,195
12,kvinne,videregående,93,944
19,kvinne,videregående,58,2052
52,kvinne,høyere,35,2017
42,kvinne,videregående,48,767
44,kvinne,høyere,47,467
22,kvinne,videregående,35,628
44,mann,videregående,20,253
10,kvinne,grunnskole,65,2710
33,kvinne,videregående,22,889
29,mann,høyere,24,636
28,kvinne,høyere,46,1040
35,kvinne,videregående,49,171
4,kvinne,høyere,35,326
26,kvinne,videregående,73,1571
40,mann,høyere,47,1084
33,mann,grunnskole,48,1208
54,mann,videregående,48,186
18,mann,grunnskole,26,337
39,mann,grunnskole,73,1204
25,kvinne,grunnskole,57,697
19,mann,videregående,70,472
42,mann,videregående,42,297
15,kvinne,videregående,59,1039
14,kvinne,grunnskole,80,2590
57,mann,høyere,49,710
52,mann,høyere,34,918
22,mann,videregående,40,1201
19,mann,høyere,76,330
39,kvinne,grunnskole,66,929
58,mann,høyere,38,833
25,kvinne,høyere,61,536
36,kvinne,høyere,25,1276
40,mann,videregående,28,465
6,kvinne,grunnskole,42,481
48,kvinne,grunnskole,67,531
28,mann,videregående,48,1755
52,mann,høyere,27,416
16,mann,videregående,30,332
40,kvinne,høyere,47,584
7,kvinne,høyere,63,156
36,mann,videregående,59,612
39,mann,grunnskole,48,750
71,mann,videregående,53,1006
39,kvinne,videregående,57,1090
9,kvinne,høyere,38,4389
27,kvinne,høyere,78,707
58,mann,grunnskole,62,1040
28,kvinne,grunnskole,34,488
2,kvinne,høyere,25,2920
59,kvinne,grunnskole,27,1988
19,kvinne,høyere,31,971
27,kvinne,videregående,24,766
37,mann,høyere,34,1505
47,mann,høyere,57,1353
44,kvinne,høyere,61,619
23,mann,høyere,34,3266
26,kvinne,grunnskole,36,466
22,kvinne,videregående,44,986
25,mann,høyere,74,427
28,kvinne,videregående,31,694
25,kvinne,høyere,41,813
26,kvinne,høyere,75,500
46,mann,høyere,45,964
26,mann,videregående,47,351
26,mann,videregående,53,230
23,kvinne,videregående,31,300
18,kvinne,videregående,40,390
39,mann,grunnskole,43,536
9,mann,grunnskole,49,429
1,kvinne,grunnskole,70,3778
40,kvinne,videregående,81,422
27,mann,grunnskole,49,810
32,kvinne,høyere,50,1662
54,mann,videregående,36,1324
38,kvinne,videregående,26,1147
3,mann,grunnskole,22,289
48,mann,grunnskole,50,1390
27,mann,høyere,52,392
33,mann,grunnskole,50,324
26,mann,høyere,46,1235
27,mann,høyere,37,588
22,kvinne,høyere,31,190
36,kvinne,grunnskole,76,532
34,mann,høyere,28,473
13,mann,høyere,58,785
58,kvinne,grunnskole,55,528
40,mann,videregående,25,216
13,kvinne,høyere,48,4460
37,mann,grunnskole,60,549
47,mann,høyere,25,1835
24,mann,høyere,49,1269
16,kvinne,grunnskole,78,1588
27,kvinne,videregående,21,998
46,mann,høyere,63,1110
36,kvinne,videregående,69,339
41,mann,videregående,42,263
41,mann,høyere,76,292
42,mann,videregående,44,440
26,kvinne,videregående,73,533
28,kvinne,videregående,57,1837
20,kvinne,høyere,33,933
36,kvinne,videregående,61,563
22,mann,høyere,37,782
30,mann,grunnskole,45,425
27,kvinne,videregående,51,609
24,mann,grunnskole,19,430
6,mann,videregående,90,638
8,kvinne,høyere,76,532
24,kvinne,videregående,44,317
47,kvinne,høyere,65,389
47,kvinne,høyere,62,1637
22,mann,høyere,35,1510
42,mann,høyere,48,354
39,mann,høyere,28,1983
70,mann,videregående,28,237
30,mann,grunnskole,30,401
39,mann,videregående,47,1078
27,mann,videregående,55,635
4,mann,videregående,55,204
38,kvinne,høyere,82,512
61,mann,videregående,76,901
46,mann,høyere,56,917
8,kvinne,høyere,38,801
35,kvinne,videregående,69,620
41,kvinne,videregående,87,923
47,mann,videregående,43,3298
41,mann,videregående,57,819
15,kvinne,videregående,42,660
21,mann,videregående,27,294
63,mann,videregående,55,217
37,kvinne,høyere,48,653
31,mann,videregående,19,373
47,mann,høyere,55,320
47,mann,videregående,56,1313
29,mann,videregående,27,192
52,mann,høyere,39,560
0,kvinne,grunnskole,78,605
8,kvinne,høyere,69,640
26,kvinne,grunnskole,54,1584
21,mann,høyere,57,811
34,kvinne,grunnskole,20,1327
11,kvinne,grunnskole,29,445
44,mann,videregående,33,2290
21,mann,grunnskole,34,450
51,mann,grunnskole,44,404
34,kvinne,grunnskole,30,3362
42,mann,grunnskole,19,306
17,mann,videregående,55,347
24,kvinne,grunnskole,76,1135
47,mann,høyere,20,909
59,mann,videregående,29,452
33,kvinne,høyere,36,366
7,kvinne,høyere,71,231
58,mann,grunnskole,29,110
42,mann,videregående,45,949
14,kvinne,høyere,41,2500
40,mann,høyere,70,851
34,kvinne,videregående,54,795
25,mann,grunnskole,56,451
22,mann,grunnskole,22,351
25,kvinne,videregående,27,303
19,mann,grunnskole,51,523
16,kvinne,grunnskole,29,259
29,mann,videregående,26,712
65,mann,grunnskole,57,254
11,kvinne,videregående,37,983
51,mann,videregående,33,536
19,mann,videregående,28,940
22,kvinne,videregående,18,1997
35,mann,videregående,38,428
29,kvinne,grunnskole,36,158
51,mann,videregående,72,1363
52,kvinne,videregående,52,335
20,kvinne,høyere,25,726
30,kvinne,videregående,37,716
25,kvinne,videregående,34,930
56,mann,grunnskole,51,3114
21,mann,grunnskole,35,269
25,kvinne,høyere,54,419
50,mann,videregående,51,418
19,kvinne,videregående,40,598
27,kvinne,grunnskole,24,451
39,mann,videregående,30,891
32,mann,videregående,32,390
26,mann,høyere,41,278
37,mann,høyere,28,1059
59,mann,grunnskole,40,1843
66,mann,videregående,25,463
25,mann,høyere,37,208
28,kvinne,høyere,34,535
43,mann,grunnskole,36,692
55,mann,videregående,33,897
50,mann,videregående,56,1139
50,mann,høyere,41,798
41,kvinne,høyere,37,644
15,kvinne,grunnskole,21,1350
7,mann,videregående,71,1373
43,mann,grunnskole,41,1625
26,mann,grunnskole,51,528
36,kvinne,videregående,32,804
66,mann,videregående,27,3011
29,mann,høyere,28,646
7,kvinne,videregående,29,888
40,mann,høyere,41,500
32,kvinne,grunnskole,29,775
27,kvinne,videregående,33,1171
47,kvinne,grunnskole,42,612
32,kvinne,videregående,61,246
24,kvinne,grunnskole,76,1116
31,mann,videregående,58,3057
40,mann,videregående,61,443
46,mann,videregående,53,1608
46,mann,videregående,58,344
15,kvinne,grunnskole,41,694
57,mann,høyere,39,301
33,kvinne,høyere,29,2706
15,mann,videregående,58,227
46,mann,videregående,59,324
52,mann,høyere,64,1242
31,mann,grunnskole,44,1225
40,mann,videregående,48,812
33,kvinne,høyere,45,1641
35,kvinne,høyere,32,261
28,kvinne,grunnskole,51,955
47,kvinne,høyere,31,1099
47,mann,høyere,40,619
0,kvinne,høyere,53,481
36,kvinne,videregående,52,222
29,kvinne,videregående,63,554
27,mann,høyere,93,383
23,kvinne,videregående,41,447
24,kvinne,grunnskole,32,803
24,kvinne,grunnskole,66,941
41,mann,høyere,31,439
39,mann,høyere,57,384
52,mann,høyere,50,1505
35,mann,videregående,48,301
60,mann,høyere,39,2278
17,kvinne,høyere,46,1552
26,kvinne,videregående,35,637
52,mann,høyere,76,289
27,mann,videregående,44,300
0,mann,videregående,53,390
42,kvinne,høyere,55,1078
31,kvinne,videregående,52,132
45,kvinne,grunnskole,45,1628
28,mann,videregående,60,312
15,mann,videregående,56,631
56,kvinne,høyere,29,607
34,kvinne,videregående,95,3148
37,mann,høyere,46,1510
30,kvinne,grunnskole,38,861
24,kvinne,grunnskole,48,927
0,kvinne,videregående,46,231
19,kvinne,videregående,51,514
41,kvinne,videregående,54,1560
30,mann,videregående,38,1595
0,kvinne,høyere,53,450
24,kvinne,videregående,35,1467
31,mann,høyere,54,1000
30,mann,grunnskole,38,1213
40,mann,grunnskole,59,819
50,kvinne,høyere,67,476
30,mann,videregående,30,350
0,mann,grunnskole,43,463
24,kvinne,høyere,48,1161
38,kvinne,videregående,43,1540
53,mann,videregående,52,1054
51,mann,høyere,32,677
30,kvinne,høyere,32,1022
54,mann,grunnskole,39,778
42,mann,grunnskole,46,348
34,kvinne,høyere,50,553
17,kvinne,grunnskole,47,671
51,mann,høyere,24,806
30,kvinne,høyere,62,898
15,kvinne,høyere,39,511
42,mann,grunnskole,50,1782
57,mann,grunnskole,50,975
39,kvinne,høyere,39,739
50,mann,høyere,43,624
19,kvinne,høyere,24,389
31,mann,videregående,60,717
30,mann,grunnskole,66,204
60,kvinne,grunnskole,29,1875
71,mann,høyere,40,346
39,mann,videregående,36,1867
40,mann,grunnskole,67,329
37,mann,videregående,32,1785
42,mann,videregående,61,2558
18,kvinne,høyere,52,879
32,kvinne,grunnskole,26,987
42,mann,grunnskole,64,1038
42,mann,videregående,82,1167
13,mann,videregående,47,369
46,kvinne,grunnskole,41,2629
23,mann,grunnskole,28,968
38,kvinne,grunnskole,43,385
44,mann,videregående,32,718
23,kvinne,grunnskole,46,500
44,mann,grunnskole,45,1692
56,mann,høyere,54,68
29,kvinne,høyere,39,1093
34,kvinne,videregående,79,937
59,mann,videregående,46,1281
39,kvinne,videregående,55,2065
17,kvinne,videregående,39,1977
47,mann,videregående,30,1346
26,mann,videregående,20,538
0,mann,grunnskole,48,323
18,kvinne,grunnskole,46,396
9,kvinne,høyere,18,526
13,kvinne,grunnskole,61,584
30,kvinne,videregående,54,602
0,kvinne,grunnskole,32,766
53,mann,videregående,29,572
9,kvinne,grunnskole,49,720
23,kvinne,videregående,64,268
31,mann,videregående,34,1546
33,mann,videregående,21,472
40,mann,grunnskole,68,712
38,mann,videregående,36,1313
52,mann,høyere,45,347
22,mann,høyere,24,469
38,mann,videregående,45,775
30,kvinne,grunnskole,40,343
45,mann,videregående,44,1897
34,mann,høyere,18,2076
21,kvinne,videregående,58,245
7,kvinne,høyere,36,332
52,kvinne,grunnskole,58,1017
55,mann,høyere,34,1164
32,kvinne,grunnskole,33,377
23,mann,grunnskole,43,487
27,kvinne,videregående,57,351
15,mann,grunnskole,52,761
12,kvinne,høyere,57,736
31,mann,videregående,51,544
27,kvinne,grunnskole,37,554
33,mann,grunnskole,26,108
5,mann,videregående,29,469
22,mann,videregående,42,2137
17,kvinne,grunnskole,50,556
16,kvinne,grunnskole,37,474
16,kvinne,videregående,77,1289
0,kvinne,videregående,57,1346
12,kvinne,videregående,50,778
9,mann,grunnskole,34,800
47,kvinne,videregående,45,213
40,kvinne,videregående,71,532
0,kvinne,videregående,65,358
8,mann,grunnskole,55,964
32,kvinne,videregående,46,497
29,mann,høyere,51,1281
14,kvinne,grunnskole,50,580
38,mann,videregående,38,656
14,kvinne,videregående,43,701
34,mann,høyere,31,279
14,kvinne,grunnskole,63,156
48,mann,grunnskole,30,1234
52,kvinne,høyere,64,1124
10,kvinne,høyere,60,727
55,mann,høyere,63,1176
30,kvinne,høyere,55,2092
20,mann,grunnskole,33,1368
36,mann,videregående,53,918
32,kvinne,videregående,26,196
45,mann,høyere,25,789
15,mann,videregående,36,381
24,mann,høyere,46,1532
16,kvinne,grunnskole,69,1377
31,kvinne,videregående,58,317
13,kvinne,videregående,55,2780
24,mann,videregående,48,637
30,mann,grunnskole,45,897
6,kvinne,høyere,45,254
3,kvinne,grunnskole,50,184
32,mann,høyere,47,613
26,kvinne,høyere,55,1668
37,kvinne,videregående,65,648
30,mann,grunnskole,65,670
28,mann,videregående,26,666
61,mann,høyere,67,250
41,mann,høyere,61,377
34,kvinne,videregående,38,613
21,mann,videregående,58,478
22,kvinne,videregående,68,647
39,mann,høyere,31,270
37,mann,videregående,59,287
22,kvinne,videregående,78,563
17,kvinne,videregående,44,911
32,mann,grunnskole,61,583
50,mann,høyere,64,1624
48,mann,høyere,48,221
73,mann,videregående,64,1097
37,mann,grunnskole,73,937
29,mann,høyere,23,339
16,kvinne,grunnskole,65,524
15,kvinne,videregående,58,450
29,kvinne,grunnskole,45,558
71,mann,videregående,33,857
58,kvinne,videregående,79,662
34,kvinne,grunnskole,49,167
32,mann,videregående,24,393
16,kvinne,videregående,43,217
26,kvinne,høyere,80,596
13,kvinne,videregående,49,667
39,kvinne,videregående,68,1692
43,mann,videregående,51,319
22,kvinne,grunnskole,59,668
32,mann,høyere,39,762
25,mann,grunnskole,44,449
22,mann,høyere,54,2205
53,kvinne,videregående,41,586
34,kvinne,videregående,46,682
25,kvinne,videregående,43,977
21,mann,høyere,73,324
34,mann,videregående,56,403
19,mann,videregående,48,4501
9,kvinne,grunnskole,25,201
35,kvinne,videregående,30,380
39,mann,høyere,60,568
23,mann,høyere,40,2183
43,kvinne,høyere,51,1185
29,kvinne,høyere,57,906
41,mann,videregående,32,238
27,mann,høyere,40,479
31,mann,grunnskole,33,452
16,kvinne,høyere,30,367
11,kvinne,videregående,56,428
30,mann,høyere,45,196
13,kvinne,videregående,18,369
39,mann,høyere,68,886
51,kvinne,videregående,33,774
22,kvinne,høyere,40,1091
18,kvinne,videregående,44,552
17,kvinne,videregående,51,1528
43,mann,videregående,48,2220
20,mann,videregående,25,3084
32,kvinne,grunnskole,52,1753
49,kvinne,høyere,37,1803
55,mann,videregående,58,1401
24,mann,videregående,71,442
16,kvinne,høyere,79,1440
45,mann,videregående,29,825
47,mann,videregående,68,227
36,kvinne,videregående,37,295
15,kvinne,høyere,48,299
13,kvinne,grunnskole,59,750
48,kvinne,videregående,30,322
22,kvinne,grunnskole,67,463
33,mann,høyere,28,768
20,kvinne,videregående,46,371
15,kvinne,høyere,27,394
17,kvinne,videregående,71,185
23,mann,høyere,38,776
35,mann,grunnskole,30,616
22,mann,videregående,45,336
49,mann,videregående,39,1101
65,mann,høyere,67,1081
37,mann,høyere,41,589
33,kvinne,høyere,20,347
61,mann,videregående,68,579
56,mann,høyere,36,956
23,mann,grunnskole,56,1068
4,kvinne,grunnskole,20,928
9,mann,grunnskole,32,885
38,mann,videregående,87,731
46,kvinne,høyere,57,859
37,kvinne,høyere,50,1423
39,kvinne,videregående,48,2011
6,mann,videregående,54,511
14,kvinne,videregående,48,953
29,kvinne,grunnskole,71,811
57,mann,høyere,24,813
29,kvinne,høyere,86,325
50,mann,høyere,37,593
49,mann,høyere,43,1197
6,mann,grunnskole,58,958
32,mann,videregående,60,873
13,kvinne,videregående,45,251
12,mann,grunnskole,74,817
10,kvinne,videregående,19,616
11,kvinne,videregående,57,385
24,mann,videregående,22,1180
38,mann,høyere,74,1084
25,mann,videregående,27,1363
46,mann,videregående,37,417
19,mann,videregående,47,1021
16,mann,høyere,62,1691
6,kvinne,høyere,53,522
30,mann,høyere,89,473
40,mann,høyere,73,379
54,kvinne,høyere,48,1162
56,mann,høyere,43,641
9,mann,høyere,36,247
25,mann,høyere,49,551
39,mann,videregående,88,174
29,mann,høyere,29,2316
30,mann,videregående,56,2211
39,mann,videregående,43,1378
29,kvinne,videregående,41,1136
8,kvinne,videregående,61,1024
41,mann,høyere,51,158
24,kvinne,høyere,41,204
2,kvinne,grunnskole,60,596
22,kvinne,høyere,50,821
22,kvinne,videregående,46,622
44,mann,videregående,32,93
7,kvinne,høyere,24,1180
63,mann,høyere,24,706
19,kvinne,høyere,89,784
41,kvinne,høyere,62,283
17,kvinne,grunnskole,27,681
30,mann,høyere,34,135
22,kvinne,videregående,47,201
20,mann,videregående,47,1064
45,mann,videregående,49,414
46,kvinne,høyere,53,787
27,kvinne,grunnskole,79,967
30,mann,videregående,59,832
13,kvinne,grunnskole,32,911
33,kvinne,videregående,36,1412
52,kvinne,videregående,38,2098
46,mann,grunnskole,46,666
43,kvinne,videregående,48,649
25,kvinne,videregående,34,363
28,kvinne,grunnskole,43,207
38,mann,videregående,54,1283
32,mann,grunnskole,56,399
41,mann,videregående,26,1322
9,kvinne,høyere,61,979
17,kvinne,grunnskole,81,921
0,kvinne,høyere,46,2908
24,mann,høyere,56,610
48,mann,grunnskole,72,715
22,kvinne,videregående,22,528
32,kvinne,høyere,77,565
42,kvinne,høyere,58,488
18,kvinne,videregående,54,1811
4,kvinne,høyere,45,555
23,mann,videregående,34,691
33,mann,videregående,32,302
72,mann,høyere,34,205
27,mann,grunnskole,46,362
25,mann,høyere,21,932
47,mann,videregående,45,525
34,mann,videregående,48,2129
45,mann,høyere,47,883
25,mann,høyere,49,163
35,mann,høyere,48,851
40,mann,grunnskole,37,662
38,kvinne,videregående,60,366
19,kvinne,høyere,57,752
38,mann,grunnskole,60,757
10,kvinne,grunnskole,51,1913
19,kvinne,grunnskole,31,459
38,mann,videregående,37,2327
54,mann,høyere,72,329
